{"IcoMoonType":"selection","icons":[{"icon":{"paths":["M192 1024h640l64-704h-768zM640 128v-128h-256v128h-320v192l64-64h768l64 64v-192h-320zM576 128h-128v-64h128v64z"],"attrs":[],"isMulticolor":false,"isMulticolor2":false,"tags":["bin","trashcan","remove","delete","recycle","dispose"],"defaultCode":59821,"grid":16},"attrs":[],"properties":{"ligatures":"bin2, trashcan2","name":"bin2","id":173,"order":4,"prevSize":32,"code":59821},"setIdx":0,"setId":0,"iconIdx":173},{"icon":{"paths":["M891.004 360.060c-3.242-128.698-108.458-232.060-237.862-232.060-75.792 0-143.266 35.494-186.854 90.732-24.442-31.598-62.69-51.96-105.708-51.96-73.81 0-133.642 59.876-133.642 133.722 0 6.436 0.48 12.76 1.364 18.954-11.222-2.024-22.766-3.138-34.57-3.138-106.998-0.002-193.732 86.786-193.732 193.842 0 107.062 86.734 193.848 193.73 193.848h91.76l226.51 234.51 226.51-234.51 111.482-0.012c96.138-0.184 174.008-78.21 174.008-174.446 0-82.090-56.678-150.9-132.996-169.482zM512 832l-192-192h128v-192h128v192h128l-192 192z"],"attrs":[],"isMulticolor":false,"isMulticolor2":false,"tags":["cloud-download","cloud","save","download"],"defaultCode":59842,"grid":16},"attrs":[],"properties":{"ligatures":"cloud-download, cloud2","name":"cloud-download","id":194,"order":2,"prevSize":32,"code":59842},"setIdx":0,"setId":0,"iconIdx":194},{"icon":{"paths":["M512 0c-282.77 0-512 229.23-512 512s229.23 512 512 512 512-229.23 512-512-229.23-512-512-512zM512 928c-229.75 0-416-186.25-416-416s186.25-416 416-416 416 186.25 416 416-186.25 416-416 416z","M672 256l-160 160-160-160-96 96 160 160-160 160 96 96 160-160 160 160 96-96-160-160 160-160z"],"attrs":[],"isMulticolor":false,"isMulticolor2":false,"tags":["cancel-circle","close","remove","delete"],"defaultCode":59917,"grid":16},"attrs":[],"properties":{"ligatures":"cancel-circle, close","name":"cancel-circle","id":269,"order":3,"prevSize":32,"code":59917},"setIdx":0,"setId":0,"iconIdx":269}],"height":1024,"metadata":{"name":"dlman"},"preferences":{"showGlyphs":true,"showCodes":true,"showQuickUse":true,"showQuickUse2":true,"showSVGs":true,"fontPref":{"prefix":"dl-","metadata":{"fontFamily":"dlman","majorVersion":1,"minorVersion":0},"metrics":{"emSize":1024,"baseline":6.25,"whitespace":50},"embed":false,"showSelector":true,"showMetrics":false},"imagePref":{"prefix":"icon-","png":true,"useClassSelector":true,"color":0,"bgColor":16777215},"historySize":50}}